Tree,Road,Road,Road,Road,Road,Road,Road,Road,Road,Tree,Road,Road,Road,Road
Road,Tree,Tree,Road,Road,Tree,Road,Road,Road,Road,Road,Road,Tree,Road,Road
Road,Road,Tree,Road,Road,Road,Road,Tree,Road,Road,Road,Road,Road,Road,Road
Road,Tree,Road,Tree,Road,Road,Road,Road,Tree,Road,Tree,Tree,Tree,Road,Tree
Road,Tree,Road,Road,Road,Road,Road,Road,Road,Tree,Road,Tree,Road,Road,Road
Road,Tree,Road,Road,Road,Road,Road,Road,Road,Road,Road,Road,Road,Road,Road
Tree,Tree,Tree,Road,Road,Road,Road,Road,Road,Road,Road,Tree,Tree,Road,Road
Road,Road,Road,Road,Tree,Road,Tree,Road,Road,Road,Road,Road,Road,Tree,Road
Road,Tree,Road,Road,Tree,Road,Road,Road,Tree,Road,Tree,Tree,Road,Road,Road
Tree,Tree,Road,Road,Road,Tree,Road,Road,Tree,Road,Tree,Tree,Tree,Road,Road
